,min,max,average,median
length,12.0,99.0,48.733333333333334,48.0
area,24.0,563.0,203.85333333333335,175.8
quantity,25.0,258.0,92.73333333333333,73.0
time_minutes,60.0,210.0,137.0,135.0
total_w,0.1,1.3,0.40299999999999997,0.28
mac_plast_w,25.0,450.0,157.66666666666666,100.0
mic_plas_w,0.0,0.12,0.019533333333333337,0.001
pcs_m,0.6,10.47,2.588666666666667,1.5
pcs_m_2,0.13846153846153847,5.25,0.9162429590064657,0.4166666666666667
