,min,max,average,median
length,12.0,99.0,46.166666666666664,43.5
area,24.0,563.0,199.15555555555557,151.4
quantity,25.0,305.0,119.38888888888889,88.0
time_minutes,60.0,210.0,145.0,150.0
total_w,0.1,500.0,28.179166666666664,0.37
mac_plast_w,25.0,460.0,169.44444444444446,112.5
mic_plas_w,0.0,0.266,0.03822222222222223,0.001
pcs_m,0.6,10.47,3.4555555555555557,2.005
pcs_m_2,0.13846153846153847,5.25,1.0288251151682717,0.6827203331020124
